<?xml version="1.0" encoding="utf-8"?>

<odoo>

<template id="salesorder_webclient_bootstrap" inherit_id="web.webclient_bootstrap" name="saleorder webclient_bootstrap">
    t t-extend
    <xpath expr="//div[hasclass('o_main')]" position="replace">
        <main class="o_main o_sale_order_main_content">
    </xpath>
</template>

 <xml template: space = "preserve">
 <t t-extend = "ListView.buttons">
 <t t-jquery = "button.o_dropdown_toggler_btn" t-operation = "replace">
   <button t-if = "widget.modelName == 'sale.order'" class = "btn btn-primary o_list_tender_button_create" type = "button"> Custom Button </button>
 </t>
 </t>

<templates id="priceHidden-formView" xml:space="preserve">
  <t t-extend="ControlPanel">
    <t t-jquery=".o_cp_sidebar" t-operation="replace">
      <t-if = "widget.modelName == 'sale.order'">
          <button t-if="section.name != 'buttons'" data-toggle="dropdown" aria-expanded="false"
              t-attf-class="o_dropdown_toggler_btn btn btn-secondary dropdown-toggle #{section.icon}">
              <t t-if="section.name == 'files'" t-raw="widget.items[section.name].length || ''"/>
              <t t-if="!section.icon" t-esc="section.label"/>
          </button>
      </t>
    </t>
  </t>
</templates>


 <t t-extend="Sidebar">
     <!-- Replace some common sections by icons in mobile -->
     <t t-jquery="button"
        t-operation="replace">
        <button t-if = "widget.modelName == 'sale.order'"


            <t t-extend="Sidebar">
        	    <t t-jquery="button" t-operation="replace">
                    <button t-if="section.name != 'buttons'" data-toggle="dropdown" aria-expanded="false"
                    		t-attf-class="o_dropdown_toggler_btn btn btn-secondary dropdown-toggle #{section.icon}">
                        <t t-if="section.name == 'files'" t-raw="widget.items[section.name].length || ''"/>
                        <t t-if="!section.icon" t-esc="section.label"/>
        	        </button>
                </t>
        	</t>

        </templates>

</odoo>
<!--
    <t t-extend="Sidebar">

      <template id="app_sidebar" inherit_id="web.webclient_bootstrap" name="Apps Sidebar">
          <xpath expr="//div[hasclass('o_main')]//main[hasclass('o_main_content')]" position="before">

        <t t-jquery=".o_main_content" t-operation="replace">

            <t t-if="widget.session.active_id === 502">

                <main class="o_main_content o_sale_order_main_content"></div>

            </t>

            <t t-if="widget.session.active_id !== 502">

                   <main class="o_main_content">

             </t>

     </t>

</templates>

</odoo>
-->
