<?xml version="1.0" encoding="utf-8"?>

  <templates>

      <t t-extend="ControlPanel">
            <!--<t t-jquery = ".o_dropdown_toggler_btn" t-operation = "replace">
              <button t-if = "widget.modelName == 'sale.order'" class = "hiddenManager"/>
            </t>-->
            <t t-jquery = ".o_cp_left" t-operation = "replace">
              <t t-if = "widget.modelName == 'sale.order'">
                  <div class="o_cp_left hiddenManagerKO">
                      <div class="o_cp_buttons" role="toolbar" aria-label="Control panel toolbar"/>
                      <aside class="o_cp_sidebar"/>
                  </div>
              </t>
              <t t-if = "widget.modelName !== 'sale.order'">
                <!--<span t-esc="menu['name']" />-->
                  <div class="o_cp_left hiddenManagerSO">
                      <div class="o_cp_buttons" role="toolbar" aria-label="Control panel toolbar"/>
                      <aside class="o_cp_sidebar"/>
                  </div>
              </t>
            </t>
  	  </t>

  </templates>


<!--
    <t t-extend="Sidebar">

      <template id="app_sidebar" inherit_id="web.webclient_bootstrap" name="Apps Sidebar">
          <xpath expr="//div[hasclass('o_main')]//main[hasclass('o_main_content')]" position="before">

        <t t-jquery=".o_main_content" t-operation="replace">

            <t t-if="widget.session.active_id === 502">

                <main class="o_main_content o_sale_order_main_content"></div>

            </t>

            <t t-if="widget.session.active_id !== 502">

                   <main class="o_main_content">

             </t>

     </t>

</templates>

</odoo>
-->
