<?xml version="1.0" encoding="UTF-8"?>
<templates xml:space="preserve">
    <t t-name="priceHidden.mail_thread" t-extend="mail.widget.Thread.Content.DESC">
        <t t-jquery="o_image" t-operation="append">
            <div>Hello world</div>
        </t>
    </t>
</templates>

<t t-name="mail.widget.Thread.Content.DESC">
    <div class="o_mail_thread_content">
        <t t-if="options.messagesSeparatorPosition == 'top'" t-call="mail.MessagesSeparator"/>
        <t t-set="messages" t-value="messages.slice().reverse()"/>
        <t t-if="thread.hasTypingNotification()" t-call="mail.widget.Thread.TypingNotificationBar"/>
        <t t-call="mail.widget.Thread.Messages"/>
        <t t-if="options.displayLoadMore" t-call="mail.widget.Thread.LoadMore"/>
    </div>
</t>
