<?xml version="1.0" encoding="utf-8"?>
<odoo>
  <data>
    <!-- explicit list view definition -->
    <record model="ir.module.category" id="small_custom_module_category_scrapApprover">
      <field name="name">Scrap_Approver</field>
      <field name="description">Approver for scrap order</field>
      <field name="sequence">0</field>
    </record>
    <record model="ir.module.category" id="small_custom_module_category_HidePrice">
      <field name="name">Hide Price</field>
      <field name="description">It will hide all the prices in different areas</field>
      <field name="sequence">0</field>
    </record>
    <!-- Adding a Group to the Group Category -->
    <record id="scrap_manager_group" model="res.groups">
        <field name="name">Approver</field>
        <field name="category_id" ref="small_custom_module_category_scrapApprover"/>
    </record>
    <!-- Adding a Group to the Group Category -->
    <record id="price_manager_group" model="res.groups">
        <field name="name">HidePrice</field>
        <field name="category_id" ref="small_custom_module_category_HidePrice"/>
    </record>


  </data>
</odoo>
